Problem,Metric,U_statistic,p_value,Significant,Effect_Size,p_value_corrected,Significant_corrected
DTLZ1,Hypervolume,184.0,6.636662381925234e-05,True,0.20444444444444446,0.00039819974291551406,True
DTLZ1,IGD,732.0,3.1572704799734615e-05,True,0.8133333333333334,0.0001894362287984077,True
DTLZ2,Hypervolume,0.0,3.019859359162157e-11,True,0.0,1.8119156154972944e-10,True
DTLZ2,IGD,879.0,2.371469434621338e-10,True,0.9766666666666667,1.422881660772803e-09,True
DTLZ4,Hypervolume,270.0,0.007958995661045572,True,0.3,0.047753973966273434,True
DTLZ4,IGD,610.0,0.0183679594713855,True,0.6777777777777778,0.11020775682831299,False
